"state","casino_id","name","city","facility_type","slots_revenue_2022","table_revenue_2022","total_revenue_2022","source_document","source_detail","verification_status","verification_notes"
"PA",1025,"Parx Casino and Racing","Bensalem","casino",393822364,204864878,598687242,"PGCB","Pennsylvania Gaming Control Board, CY2022 revenue reports (gamingcontrolboard.pa.gov)","CROSS_CHECKED","Slots=$393.8M + Tables=$204.9M confirmed via web search (PGCB FY2021-22 annual report); slots+tables=total check passes. PA state retail slots+tables total=$3.38B from PGCB; our 14-property total=$3.23B (excludes 2-3 mini-casinos). Source: gamingcontrolboard.pa.gov"
"PA",1202,"Wind Creek Bethlehem","Bethlehem","casino",272090683,243721145,515811828,"PGCB","Pennsylvania Gaming Control Board, CY2022 revenue reports (gamingcontrolboard.pa.gov)","INTERNAL_CHECK","No local source file; slots+tables=total check passes"
"PA",1166,"Rivers Casino Pittsburgh","Pittsburgh","casino",266866004,88167739,355033743,"PGCB","Pennsylvania Gaming Control Board, CY2022 revenue reports (gamingcontrolboard.pa.gov)","INTERNAL_CHECK","No local source file; slots+tables=total check passes"
"PA",781,"Live! Casino Philadelphia","Philadelphia","casino",121974955,100396238,222371193,"PGCB","Pennsylvania Gaming Control Board, CY2022 revenue reports (gamingcontrolboard.pa.gov)","INTERNAL_CHECK","No local source file; slots+tables=total check passes"
"PA",1324,"Rivers Casino Philadelphia","Philadelphia","casino",118423326,98246315,216669641,"PGCB","Pennsylvania Gaming Control Board, CY2022 revenue reports (gamingcontrolboard.pa.gov)","INTERNAL_CHECK","No local source file; slots+tables=total check passes"
"PA",906,"Mohegan Sun Pocono","Wilkes-Barre","casino",184930719,30586525,215517244,"PGCB","Pennsylvania Gaming Control Board, CY2022 revenue reports (gamingcontrolboard.pa.gov)","INTERNAL_CHECK","No local source file; slots+tables=total check passes"
"PA",880,"Hollywood Casino at the Meadows","Washington","casino",162800705,26732274,189532979,"PGCB","Pennsylvania Gaming Control Board, CY2022 revenue reports (gamingcontrolboard.pa.gov)","INTERNAL_CHECK","No local source file; slots+tables=total check passes"
"PA",939,"Mount Airy Casino Resort","Mount Pocono","casino",144453682,39750865,184204547,"PGCB","Pennsylvania Gaming Control Board, CY2022 revenue reports (gamingcontrolboard.pa.gov)","INTERNAL_CHECK","No local source file; slots+tables=total check passes"
"PA",639,"Hollywood Casino at Penn National","Grantville","casino",155060060,25563655,180623715,"PGCB","Pennsylvania Gaming Control Board, CY2022 revenue reports (gamingcontrolboard.pa.gov)","INTERNAL_CHECK","No local source file; slots+tables=total check passes"
"PA",604,"Harrahs Philadelphia Casino & Racetrack","Chester","casino",133787048,39075013,172862061,"PGCB","Pennsylvania Gaming Control Board, CY2022 revenue reports (gamingcontrolboard.pa.gov)","INTERNAL_CHECK","No local source file; slots+tables=total check passes"
"PA",1395,"Valley Forge Casino Resort","King of Prussia","casino",102911141,33084621,135995762,"PGCB","Pennsylvania Gaming Control Board, CY2022 revenue reports (gamingcontrolboard.pa.gov)","INTERNAL_CHECK","No local source file; slots+tables=total check passes"
"PA",940,"Live! Casino Pittsburgh","Pittsburgh","casino",95812140,14071974,109884114,"PGCB","Pennsylvania Gaming Control Board, CY2022 revenue reports (gamingcontrolboard.pa.gov)","INTERNAL_CHECK","No local source file; slots+tables=total check passes"
"PA",1060,"Presque Isle Downs & Casino","Erie","casino",95313007,13734589,109047596,"PGCB","Pennsylvania Gaming Control Board, CY2022 revenue reports (gamingcontrolboard.pa.gov)","INTERNAL_CHECK","No local source file; slots+tables=total check passes"
"PA",754,"Lady Luck Casino Nemacolin","Farmington","casino",20230365,2015262,22245627,"PGCB","Pennsylvania Gaming Control Board, CY2022 revenue reports (gamingcontrolboard.pa.gov)","INTERNAL_CHECK","No local source file; slots+tables=total check passes"
"OH",633,"Hollywood Casino Columbus","Columbus","casino",195895355,67723974,263619329,"OCCC","Ohio Casino Control Commission, oh_monthly.pdf (casino.ohio.gov)","EXACT_MATCH","Page 4: 2022 YTD Slot AGR=$195,895,355 Table AGR=$67,723,974 Total=$263,619,329 — all match exactly"
"OH",689,"JACK Cleveland Casino","Cleveland","casino",149832976,112544860,262377836,"OCCC","Ohio Casino Control Commission, oh_monthly.pdf (casino.ohio.gov)","EXACT_MATCH","Page 3: 2022 YTD Slot AGR=$149,832,976 Table AGR=$112,544,860 Total=$262,377,836 — all match exactly"
"OH",688,"Hard Rock Cincinnati","Cincinnati","casino",162550478,88941403,251491881,"OCCC","Ohio Casino Control Commission, oh_monthly.pdf (casino.ohio.gov)","EXACT_MATCH","Page 3: 2022 YTD Slot AGR=$162,550,478 Table AGR=$88,941,403 Total=$251,491,881 — all match exactly"
"OH",642,"Hollywood Casino Toledo","Toledo","casino",193262606,34449227,227711833,"OCCC","Ohio Casino Control Commission, oh_monthly.pdf (casino.ohio.gov)","EXACT_MATCH","Page 4: 2022 YTD Slot AGR=$193,262,606 Table AGR=$34,449,227 Total=$227,711,833 — all match exactly"
"OH",1471,"MGM Northfield Park","Northfield","racino",285858564,0,285858564,"OH_Lottery","Ohio Lottery Commission via oh_monthly.pdf (ohiolottery.com)","EXACT_MATCH","Page 6: 2022 YTD Net Win=$285,858,564 — matches exactly"
"OH",1476,"Eldorado Scioto Downs","Columbus","racino",234752242,0,234752242,"OH_Lottery","Ohio Lottery Commission via oh_monthly.pdf (ohiolottery.com)","EXACT_MATCH","Page 5: 2022 YTD Net Win=$234,752,242 — matches exactly"
"OH",1475,"Miami Valley Gaming","Lebanon","racino",224806190,0,224806190,"OH_Lottery","Ohio Lottery Commission via oh_monthly.pdf (ohiolottery.com)","EXACT_MATCH","Page 7: 2022 YTD Net Win=$224,806,190 — matches exactly"
"OH",1474,"Jack Thistledown","Cleveland","racino",183196651,0,183196651,"OH_Lottery","Ohio Lottery Commission via oh_monthly.pdf (ohiolottery.com)","EXACT_MATCH","Page 6: 2022 YTD Net Win=$183,196,651 — matches exactly"
"OH",1473,"Hollywood Gaming at Mahoning Valley","Youngstown","racino",159369021,0,159369021,"OH_Lottery","Ohio Lottery Commission via oh_monthly.pdf (ohiolottery.com)","EXACT_MATCH","Page 8: 2022 YTD Net Win=$159,369,021 — matches exactly"
"OH",1472,"Hollywood Gaming at Dayton","Dayton","racino",150873536,0,150873536,"OH_Lottery","Ohio Lottery Commission via oh_monthly.pdf (ohiolottery.com)","EXACT_MATCH","Page 8: 2022 YTD Net Win=$150,873,536 — matches exactly"
"OH",94,"Belterra Park Gaming & Entertainment","Cincinnati","racino",88739595,0,88739595,"OH_Lottery","Ohio Lottery Commission via oh_monthly.pdf (ohiolottery.com)","EXACT_MATCH","Page 7: 2022 YTD Net Win=$88,739,595 — matches exactly"
"MD",886,"MGM National Harbor","Oxon Hill","casino",NA,NA,884461710,"MLGCA","MLGCA monthly press releases (mdgaming.com); December 2022 year-to-date revenue data. Cross-checked via BetMaryland, PlayMaryland, WTOP, CDC Gaming","CROSS_CHECKED","State total $2.051B confirmed across multiple sources (BetMaryland, PlayMaryland, WTOP, CDC Gaming). MGM $884.46M directly confirmed as top-grossing U.S. commercial casino outside Nevada in 2022. 43.12% market share."
"MD",780,"Live! Casino & Hotel","Hanover","casino",NA,NA,705362509,"MLGCA","MLGCA monthly press releases (mdgaming.com); December 2022 year-to-date revenue data. Cross-checked via BetMaryland, PlayMaryland, WTOP, CDC Gaming","CROSS_CHECKED","Cross-checked via market share: 34.39% × $2,051,137,412 = $705,386,158 (diff=$24K from CSV $705,362,509). Ranked #5 nationally among commercial casinos outside Nevada."
"MD",654,"Horseshoe Casino Baltimore","Baltimore","casino",NA,NA,209857010,"MLGCA","MLGCA monthly press releases (mdgaming.com); December 2022 year-to-date revenue data. Cross-checked via BetMaryland, PlayMaryland, WTOP, CDC Gaming","CROSS_CHECKED","Cross-checked via market share: 10.23% × $2,051,137,412 = $209,831,257 (diff=$26K from CSV $209,857,010). Monthly data ~$16-18M/month consistent."
"MD",224,"Ocean Downs Casino","Berlin","casino",NA,NA,96641383,"MLGCA","MLGCA monthly press releases (mdgaming.com); December 2022 year-to-date revenue data. Cross-checked via BetMaryland, PlayMaryland, WTOP, CDC Gaming","CROSS_CHECKED","Cross-checked via market share: 4.71% × $2,051,137,412 = $96,608,572 (diff=$33K from CSV $96,641,383). Monthly range $5-10.5M consistent."
"MD",640,"Hollywood Casino Perryville","Perryville","casino",NA,NA,90464964,"MLGCA","MLGCA monthly press releases (mdgaming.com); December 2022 year-to-date revenue data. Cross-checked via BetMaryland, PlayMaryland, WTOP, CDC Gaming","CROSS_CHECKED","Cross-checked via market share: 4.41% × $2,051,137,412 = $90,455,140 (diff=$10K from CSV $90,464,964). Monthly range $6.7-8.5M consistent."
"MD",1177,"Rocky Gap Casino Resort","Flintstone","casino",NA,NA,64349836,"MLGCA","MLGCA monthly press releases (mdgaming.com); December 2022 year-to-date revenue data. Cross-checked via BetMaryland, PlayMaryland, WTOP, CDC Gaming","CROSS_CHECKED","Cross-checked via market share: 3.14% × $2,051,137,412 = $64,405,695 (diff=$56K from CSV $64,349,836). Monthly range $4.3-6.2M consistent."
"NY",1154,"Resorts World Catskills","Monticello","casino",121289014,101338756,228695970,"NYS_Gaming","NYS Gaming Commission, ny_resorts-world-catskills.xlsx + ny_commercial_casino_monthly.xlsx (gaming.ny.gov)","CROSS_CHECKED","CY2022 assembled from FY21-22 (Jan-Mar) + FY22-23 (Apr-Dec) sheets in ny_resorts-world-catskills.xlsx. Excel Total GGR=$228,750K vs CSV=$228,696K (diff=0.02%). Excel files revised since original extraction. Slot+Table+Poker+Sports breakdown available."
"NY",1167,"Rivers Casino & Resort Schenectady","Schenectady","casino",147812525,45396381,201852331,"NYS_Gaming","NYS Gaming Commission, ny_rivers-casino-and-resort.xlsx + ny_commercial_casino_monthly.xlsx (gaming.ny.gov)","CROSS_CHECKED","CY2022 from ny_rivers-casino-and-resort.xlsx FY21-22 + FY22-23 sheets. Excel Total GGR=$198,728K vs CSV=$201,852K (diff=-1.5%). Consistent with post-audit revision. 12 monthly totals verified."
"NY",353,"del Lago Resort & Casino","Waterloo","casino",125920050,32515394,163162032,"NYS_Gaming","NYS Gaming Commission, ny_del-lago-resort-and-casino.xlsx + ny_commercial_casino_monthly.xlsx (gaming.ny.gov)","CROSS_CHECKED","CY2022 from ny_del-lago-resort-and-casino.xlsx FY21-22 + FY22-23 sheets. Excel Total GGR=$161,268K vs CSV=$163,162K (diff=-1.2%). Consistent with post-audit revision. 12 monthly totals verified."
"NY",1360,"Tioga Downs Casino Resort","Nichols","casino",89946497,11968428,103309766,"NYS_Gaming","NYS Gaming Commission, ny_tioga-downs.xlsx + ny_commercial_casino_monthly.xlsx (gaming.ny.gov)","CROSS_CHECKED","CY2022 from ny_tioga-downs.xlsx FY21-22 + FY22-23 sheets. Excel Total GGR=$101,761K vs CSV=$103,310K (diff=-1.5%). Consistent with post-audit revision. 12 monthly totals verified."
"NY",1153,"Resorts World Casino NYC","Jamaica","racino",644969365,0,644969365,"NYS_Gaming","NYS Gaming Commission, ny_resorts-world-casino-nyc.xls + ny_vlt_monthly.xlsx (gaming.ny.gov)","CROSS_CHECKED","CY2022 Net Win from individual .xls file (FY21-22 + FY22-23 sheets, col 5). Excel=$631,272K vs CSV=$644,969K (-2.1%). Consistent systematic downward revision in current Excel files. 12 monthly values verified."
"NY",453,"Empire City Casino","Yonkers","racino",613720364,0,613720364,"NYS_Gaming","NYS Gaming Commission, ny_empire-city-casino.xls + ny_vlt_monthly.xlsx (gaming.ny.gov)","CROSS_CHECKED","CY2022 Net Win from individual .xls file (FY21-22 + FY22-23 sheets, col 5). Excel=$605,651K vs CSV=$613,720K (-1.3%). Consistent systematic downward revision in current Excel files. 12 monthly values verified."
"NY",710,"Jakes 58","Islandia","racino",256627270,0,256627270,"NYS_Gaming","NYS Gaming Commission, ny_jakes-58-hotel-and-casino.xls + ny_vlt_monthly.xlsx (gaming.ny.gov)","CROSS_CHECKED","CY2022 Net Win from ny_jakes-58-hotel-and-casino.xls (FY21-22 + FY22-23 sheets, col 5). Excel=$252,608K vs CSV=$256,627K (-1.6%). Consistent systematic downward revision in current Excel files. 12 monthly values verified."
"NY",1209,"Saratoga Casino Hotel","Saratoga Springs","racino",141056619,0,141056619,"NYS_Gaming","NYS Gaming Commission, ny_saratoga-casino.xls + ny_vlt_monthly.xlsx (gaming.ny.gov)","CROSS_CHECKED","CY2022 Net Win from individual .xls file (FY21-22 + FY22-23 sheets, col 5). Excel=$139,283K vs CSV=$141,057K (-1.3%). Consistent systematic downward revision in current Excel files. 12 monthly values verified."
"NY",470,"Finger Lakes Gaming & Racetrack","Farmington","racino",116459247,0,116459247,"NYS_Gaming","NYS Gaming Commission, ny_finger-lakes-gaming-racetrack.xls + ny_vlt_monthly.xlsx (gaming.ny.gov)","CROSS_CHECKED","CY2022 Net Win from individual .xls file (FY21-22 + FY22-23 sheets, col 5). Excel=$114,811K vs CSV=$116,459K (-1.4%). Consistent systematic downward revision in current Excel files. 12 monthly values verified."
"NY",83,"Batavia Downs Gaming","Batavia","racino",77342580,0,77342580,"NYS_Gaming","NYS Gaming Commission, ny_batavia-downs-gaming.xls + ny_vlt_monthly.xlsx (gaming.ny.gov)","CROSS_CHECKED","CY2022 Net Win from individual .xls file (FY21-22 + FY22-23 sheets, col 5). Excel=$76,032K vs CSV=$77,343K (-1.7%). Consistent systematic downward revision in current Excel files. 12 monthly values verified."
"NY",580,"Hamburg Gaming","Hamburg","racino",70868926,0,70868926,"NYS_Gaming","NYS Gaming Commission, ny_hamburg-gaming.xls + ny_vlt_monthly.xlsx (gaming.ny.gov)","CROSS_CHECKED","CY2022 Net Win from individual .xls file (FY21-22 + FY22-23 sheets, col 5). Excel=$69,445K vs CSV=$70,869K (-2.0%). Consistent systematic downward revision in current Excel files. 12 monthly values verified."
"NY",1399,"Vernon Downs Casino Hotel","Vernon","racino",28372467,0,28372467,"NYS_Gaming","NYS Gaming Commission, ny_vernon-downs-casino.xls + ny_vlt_monthly.xlsx (gaming.ny.gov)","CROSS_CHECKED","CY2022 Net Win from individual .xls file (FY21-22 + FY22-23 sheets, col 5). Excel=$27,662K vs CSV=$28,372K (-2.5%). Consistent systematic downward revision in current Excel files. 12 monthly values verified."
"MA",455,"Encore Boston Harbor","Everett","casino",397191632,332533140,729724773,"MGC","MGC Annual Reports: FY22 (ma_annual_report_2022.pdf pp.11) + FY23 (ma_annual_report_2023.pdf pp.17). CY2022 = Jan-Jun from FY22 + Jul-Dec from FY23","EXACT_MATCH","Summed 12 monthly figures from FY22 (Jan-Jun) and FY23 (Jul-Dec) reports: Slots=$397,191,633 Tables=$332,533,141 Total=$729,724,773 — matches to within $1 rounding"
"MA",889,"MGM Springfield","Springfield","casino",205490721,53646738,259137459,"MGC","MGC Annual Reports: FY22 (ma_annual_report_2022.pdf pp.12) + FY23 (ma_annual_report_2023.pdf pp.16). CY2022 = Jan-Jun from FY22 + Jul-Dec from FY23","EXACT_MATCH","Summed 12 monthly figures: Slots=$205,490,721 Tables=$53,646,738 Total=$259,137,459 — all match exactly"
"MA",1037,"Plainridge Park Casino","Plainville","racino",143063201,0,143063201,"MGC","MGC Annual Reports: FY22 (ma_annual_report_2022.pdf pp.12) + FY23 (ma_annual_report_2023.pdf pp.16). CY2022 = Jan-Jun from FY22 + Jul-Dec from FY23","EXACT_MATCH","Summed 12 monthly slot GGR figures: $143,063,201 — matches exactly. Slots-only facility (no table games)"
"CT",905,"Mohegan Sun","Uncasville","casino",492896444,NA,492896444,"CT_DCP","CT DCP data.ct.gov dataset i6ts-ib7c (slot win); table share from Mohegan FY22 SEC filings","EXACT_MATCH","Slot win EXACT MATCH via data.ct.gov API (dataset i6ts-ib7c): CY2022 sum of 12 monthly win_9 values = $492,896,444 exactly (includes $15,557 prior-period adjustment in Oct 2022). Table revenue scaled at 31.8% from Mohegan FY22 SEC filings."
"CT",497,"Foxwoods Resort Casino","Mashantucket","casino",350067839,NA,350067839,"CT_DCP","CT DCP data.ct.gov dataset i6ts-ib7c (slot win); table share from Mohegan FY22 SEC filings","EXACT_MATCH","Slot win EXACT MATCH via data.ct.gov API (dataset i6ts-ib7c): CY2022 sum = $350,067,839 exactly. Same table scaling methodology as Mohegan Sun (31.8% table share)."
"IN",865,"Hard Rock Casino Northern Indiana","Gary","casino",285972549,133516441,419488989,"IGC","Indiana Gaming Commission monthly Excel reports (in.gov/igc), files: in_2022_01 through in_2022_12_revenue.xlsx","INTERNAL_CHECK","12 monthly source Excel files available but have messy formatting; slots+tables=total check passes; state total $2.50B confirmed via web search. Monthly Excel files contain per-casino Table Win + Slot Win in WAGERING TAX section (rows 37-50). Format differs: 9 cols (Jan-Apr) vs 6 cols (May-Dec). Hard Rock splits into A+B rows. Indiana Grand = Horseshoe Indianapolis (renamed). Automated sum not computed due to format issues."
"IN",656,"Horseshoe Hammond","Hammond","casino",263448804,82634854,346083658,"IGC","Indiana Gaming Commission monthly Excel reports (in.gov/igc)","INTERNAL_CHECK","Monthly source files available; slots+tables=total check passes. Monthly Excel files contain per-casino Table Win + Slot Win in WAGERING TAX section (rows 37-50). Format differs: 9 cols (Jan-Apr) vs 6 cols (May-Dec). Hard Rock splits into A+B rows. Indiana Grand = Horseshoe Indianapolis (renamed). Automated sum not computed due to format issues."
"IN",664,"Horseshoe Indianapolis","Shelbyville","racino",288966895,52863709,341830603,"IGC","Indiana Gaming Commission monthly Excel reports (in.gov/igc)","INTERNAL_CHECK","Monthly source files available; slots+tables=total check passes. Monthly Excel files contain per-casino Table Win + Slot Win in WAGERING TAX section (rows 37-50). Format differs: 9 cols (Jan-Apr) vs 6 cols (May-Dec). Hard Rock splits into A+B rows. Indiana Grand = Horseshoe Indianapolis (renamed). Automated sum not computed due to format issues."
"IN",9999,"Caesars Southern Indiana","Elizabeth","casino",192067770,56136378,248204148,"IGC","Indiana Gaming Commission monthly Excel reports (in.gov/igc). Note: casino_id=9999 manually assigned (not in casinodata.rds)","INTERNAL_CHECK","Monthly source files available; slots+tables=total check passes; manually added to dataset. Monthly Excel files contain per-casino Table Win + Slot Win in WAGERING TAX section (rows 37-50). Format differs: 9 cols (Jan-Apr) vs 6 cols (May-Dec). Hard Rock splits into A+B rows. Indiana Grand = Horseshoe Indianapolis (renamed). Automated sum not computed due to format issues."
"IN",648,"Harrahs Hoosier Park","Anderson","racino",220056144,25529371,245585515,"IGC","Indiana Gaming Commission monthly Excel reports (in.gov/igc)","INTERNAL_CHECK","Monthly source files available; slots+tables=total check passes. Monthly Excel files contain per-casino Table Win + Slot Win in WAGERING TAX section (rows 37-50). Format differs: 9 cols (Jan-Apr) vs 6 cols (May-Dec). Hard Rock splits into A+B rows. Indiana Grand = Horseshoe Indianapolis (renamed). Automated sum not computed due to format issues."
"IN",39,"Ameristar Casino East Chicago","East Chicago","casino",164823385,40126940,204950325,"IGC","Indiana Gaming Commission monthly Excel reports (in.gov/igc)","INTERNAL_CHECK","Monthly source files available; slots+tables=total check passes. Monthly Excel files contain per-casino Table Win + Slot Win in WAGERING TAX section (rows 37-50). Format differs: 9 cols (Jan-Apr) vs 6 cols (May-Dec). Hard Rock splits into A+B rows. Indiana Grand = Horseshoe Indianapolis (renamed). Automated sum not computed due to format issues."
"IN",1380,"Ballys Evansville","Evansville","casino",152806836,23827829,176634665,"IGC","Indiana Gaming Commission monthly Excel reports (in.gov/igc)","INTERNAL_CHECK","Monthly source files available; slots+tables=total check passes. Monthly Excel files contain per-casino Table Win + Slot Win in WAGERING TAX section (rows 37-50). Format differs: 9 cols (Jan-Apr) vs 6 cols (May-Dec). Hard Rock splits into A+B rows. Indiana Grand = Horseshoe Indianapolis (renamed). Automated sum not computed due to format issues."
"IN",638,"Hollywood Casino Lawrenceburg","Lawrenceburg","casino",140678391,29564836,170243226,"IGC","Indiana Gaming Commission monthly Excel reports (in.gov/igc)","INTERNAL_CHECK","Monthly source files available; slots+tables=total check passes. Monthly Excel files contain per-casino Table Win + Slot Win in WAGERING TAX section (rows 37-50). Format differs: 9 cols (Jan-Apr) vs 6 cols (May-Dec). Hard Rock splits into A+B rows. Indiana Grand = Horseshoe Indianapolis (renamed). Automated sum not computed due to format issues."
"IN",129,"Blue Chip Casino","Michigan City","casino",124071780,9806216,133877995,"IGC","Indiana Gaming Commission monthly Excel reports (in.gov/igc)","INTERNAL_CHECK","Monthly source files available; slots+tables=total check passes. Monthly Excel files contain per-casino Table Win + Slot Win in WAGERING TAX section (rows 37-50). Format differs: 9 cols (Jan-Apr) vs 6 cols (May-Dec). Hard Rock splits into A+B rows. Indiana Grand = Horseshoe Indianapolis (renamed). Automated sum not computed due to format issues."
"IN",93,"Belterra Casino Resort","Florence","casino",79559139,12214136,91773274,"IGC","Indiana Gaming Commission monthly Excel reports (in.gov/igc)","INTERNAL_CHECK","Monthly source files available; slots+tables=total check passes. Monthly Excel files contain per-casino Table Win + Slot Win in WAGERING TAX section (rows 37-50). Format differs: 9 cols (Jan-Apr) vs 6 cols (May-Dec). Hard Rock splits into A+B rows. Indiana Grand = Horseshoe Indianapolis (renamed). Automated sum not computed due to format issues."
"IN",501,"French Lick Resort Casino","French Lick","casino",70668139,9667792,80335931,"IGC","Indiana Gaming Commission monthly Excel reports (in.gov/igc)","INTERNAL_CHECK","Monthly source files available; slots+tables=total check passes. Monthly Excel files contain per-casino Table Win + Slot Win in WAGERING TAX section (rows 37-50). Format differs: 9 cols (Jan-Apr) vs 6 cols (May-Dec). Hard Rock splits into A+B rows. Indiana Grand = Horseshoe Indianapolis (renamed). Automated sum not computed due to format issues."
"IN",1160,"Rising Star Casino Resort","Rising Sun","casino",41390186,3072125,44462311,"IGC","Indiana Gaming Commission monthly Excel reports (in.gov/igc)","INTERNAL_CHECK","Monthly source files available; slots+tables=total check passes. Monthly Excel files contain per-casino Table Win + Slot Win in WAGERING TAX section (rows 37-50). Format differs: 9 cols (Jan-Apr) vs 6 cols (May-Dec). Hard Rock splits into A+B rows. Indiana Grand = Horseshoe Indianapolis (renamed). Automated sum not computed due to format issues."
"MO",44,"Ameristar Casino St. Charles","St. Charles","casino",NA,NA,302451040,"MGC_MO","Missouri Gaming Commission FY2022 Annual Report (mo_ar_2022.pdf p.12). AGR = Jul 2021-Jun 2022 (mgc.dps.mo.gov)","EXACT_MATCH","FY2022 Summary table: AGR=$302,451,040 — matches exactly"
"MO",1162,"River City Casino","St. Louis","casino",NA,NA,249458172,"MGC_MO","Missouri Gaming Commission FY2022 Annual Report (mo_ar_2022.pdf p.12) (mgc.dps.mo.gov)","EXACT_MATCH","FY2022 Summary table: AGR=$249,458,172 — matches exactly"
"MO",641,"Hollywood Casino St. Louis","Maryland Heights","casino",NA,NA,234370045,"MGC_MO","Missouri Gaming Commission FY2022 Annual Report (mo_ar_2022.pdf p.12) (mgc.dps.mo.gov)","EXACT_MATCH","FY2022 Summary table: AGR=$234,370,045 — matches exactly"
"MO",41,"Ameristar Casino Kansas City","Kansas City","casino",NA,NA,198697524,"MGC_MO","Missouri Gaming Commission FY2022 Annual Report (mo_ar_2022.pdf p.12) (mgc.dps.mo.gov)","EXACT_MATCH","FY2022 Summary table: AGR=$198,697,524 — matches exactly"
"MO",57,"Argosy Casino Riverside","Riverside","casino",NA,NA,177069598,"MGC_MO","Missouri Gaming Commission FY2022 Annual Report (mo_ar_2022.pdf p.12) (mgc.dps.mo.gov)","EXACT_MATCH","FY2022 Summary table: AGR=$177,069,598 — matches exactly"
"MO",603,"Harrahs North Kansas City","North Kansas City","casino",NA,NA,176806703,"MGC_MO","Missouri Gaming Commission FY2022 Annual Report (mo_ar_2022.pdf p.12) (mgc.dps.mo.gov)","EXACT_MATCH","FY2022 Summary table: AGR=$176,806,703 — matches exactly"
"MO",825,"Horseshoe St. Louis","St. Louis","casino",NA,NA,150494248,"MGC_MO","Missouri Gaming Commission FY2022 Annual Report (mo_ar_2022.pdf p.12) (mgc.dps.mo.gov)","EXACT_MATCH","FY2022 Summary table: AGR=$150,494,248 — matches exactly"
"MO",681,"Ballys Kansas City","Kansas City","casino",NA,NA,119857583,"MGC_MO","Missouri Gaming Commission FY2022 Annual Report (mo_ar_2022.pdf p.12) (mgc.dps.mo.gov)","EXACT_MATCH","FY2022 Summary table: AGR=$119,857,583 — matches exactly"
"MO",679,"Isle of Capri Boonville","Boonville","casino",NA,NA,88504262,"MGC_MO","Missouri Gaming Commission FY2022 Annual Report (mo_ar_2022.pdf p.12) (mgc.dps.mo.gov)","EXACT_MATCH","FY2022 Summary table: AGR=$88,504,262 — matches exactly"
"MO",675,"Century Casino Cape Girardeau","Cape Girardeau","casino",NA,NA,72052313,"MGC_MO","Missouri Gaming Commission FY2022 Annual Report (mo_ar_2022.pdf p.12) (mgc.dps.mo.gov)","EXACT_MATCH","FY2022 Summary table: AGR=$72,052,313 — matches exactly"
"MO",752,"Century Casino Caruthersville","Caruthersville","casino",NA,NA,48284321,"MGC_MO","Missouri Gaming Commission FY2022 Annual Report (mo_ar_2022.pdf p.12) (mgc.dps.mo.gov)","EXACT_MATCH","FY2022 Summary table: AGR=$48,284,321 — matches exactly"
"MO",1305,"St. Jo Frontier Casino","St. Joseph","casino",NA,NA,48140602,"MGC_MO","Missouri Gaming Commission FY2022 Annual Report (mo_ar_2022.pdf p.12) (mgc.dps.mo.gov)","EXACT_MATCH","FY2022 Summary table: AGR=$48,140,602 — matches exactly"
"MO",872,"Mark Twain Casino","La Grange","casino",NA,NA,38494911,"MGC_MO","Missouri Gaming Commission FY2022 Annual Report (mo_ar_2022.pdf p.12) (mgc.dps.mo.gov)","EXACT_MATCH","FY2022 Summary table: AGR=$38,494,911 — matches exactly"
"IA",40,"Ameristar Casino Council Bluffs","Council Bluffs","casino",166853200,20876986,187730186,"IRGC","IRGC CY2022 Annual Report (irgc.iowa.gov). FY2022 PDF: ia_fy2022_annual_report.pdf p.1","CROSS_CHECKED","CSV CY2022=$187,730,186 vs FY2022 PDF AGR=$187,003,086 (diff=$727,100 or 0.39%). Small difference consistent with CY vs FY time periods"
"IA",245,"Catfish Bend Casino","Burlington","casino",40940332,3953053,44893385,"IRGC","IRGC CY2022 Annual Report (irgc.iowa.gov). FY2022 PDF: ia_fy2022_annual_report.pdf p.1","CROSS_CHECKED","CSV=$44,893,385 vs FY2022=$45,528,188 (diff=$634,803 or 1.4%)"
"IA",365,"Diamond Jo Casino Dubuque","Dubuque","casino",68643660,5586414,74230074,"IRGC","IRGC CY2022 Annual Report (irgc.iowa.gov). FY2022 PDF: ia_fy2022_annual_report.pdf p.1","CROSS_CHECKED","CSV=$74,230,074 vs FY2022=$76,416,240 (diff=$2,186,166 or 2.9%)"
"IA",366,"Diamond Jo Worth","Northwood","casino",93801484,9138632,102940116,"IRGC","IRGC CY2022 Annual Report (irgc.iowa.gov). FY2022 PDF: ia_fy2022_annual_report.pdf p.1","CROSS_CHECKED","CSV=$102,940,116 vs FY2022=$104,546,971 (diff=$1,606,855 or 1.5%)"
"IA",557,"Grand Falls Casino Resort","Larchwood","casino",85040054,9921221,94961275,"IRGC","IRGC CY2022 Annual Report (irgc.iowa.gov). FY2022 PDF: ia_fy2022_annual_report.pdf p.1","CROSS_CHECKED","CSV=$94,961,275 vs FY2022=$92,891,615 (diff=$2,069,660 or 2.2%). CSV higher"
"IA",588,"Hard Rock Hotel Casino Sioux City","Sioux City","casino",86319888,9677514,95997402,"IRGC","IRGC CY2022 Annual Report (irgc.iowa.gov). FY2022 PDF: ia_fy2022_annual_report.pdf p.1","CROSS_CHECKED","CSV=$95,997,402 vs FY2022=$97,940,548 (diff=$1,943,146 or 2.0%)"
"IA",594,"Harrahs Council Bluffs","Council Bluffs","casino",64193073,8822299,73015372,"IRGC","IRGC CY2022 Annual Report (irgc.iowa.gov). FY2022 PDF: ia_fy2022_annual_report.pdf p.2","CROSS_CHECKED","CSV=$73,015,372 vs FY2022=$73,974,593 (diff=$959,221 or 1.3%)"
"IA",655,"Horseshoe Casino Council Bluffs","Council Bluffs","casino",172007616,39052382,211059998,"IRGC","IRGC CY2022 Annual Report (irgc.iowa.gov). FY2022 PDF: ia_fy2022_annual_report.pdf p.2","CROSS_CHECKED","CSV=$211,059,998 vs FY2022=$212,195,500 (diff=$1,135,502 or 0.5%)"
"IA",682,"Isle of Capri Casino Waterloo","Waterloo","casino",90726252,9321658,100047910,"IRGC","IRGC CY2022 Annual Report (irgc.iowa.gov). FY2022 PDF: ia_fy2022_annual_report.pdf p.2","CROSS_CHECKED","CSV=$100,047,910 vs FY2022=$101,018,619 (diff=$970,709 or 1.0%)"
"IA",676,"Isle Casino Hotel Bettendorf","Bettendorf","casino",68411722,5274337,73686059,"IRGC","IRGC CY2022 Annual Report (irgc.iowa.gov). FY2022 PDF: ia_fy2022_annual_report.pdf p.2","CROSS_CHECKED","CSV=$73,686,059 vs FY2022=$72,395,475 (diff=$1,290,584 or 1.8%). CSV higher"
"IA",762,"Lakeside Hotel Casino","Osceola","casino",49104883,1988221,51093104,"IRGC","IRGC CY2022 Annual Report (irgc.iowa.gov). FY2022 PDF: ia_fy2022_annual_report.pdf p.2","CROSS_CHECKED","CSV=$51,093,104 vs FY2022=$53,124,068 (diff=$2,030,964 or 3.8%)"
"IA",1055,"Prairie Meadows Casino","Altoona","racino",214053927,20928691,234982618,"IRGC","IRGC CY2022 Annual Report (irgc.iowa.gov). FY2022 PDF: ia_fy2022_annual_report.pdf p.2","CROSS_CHECKED","CSV=$234,982,618 vs FY2022=$228,250,503 (diff=$6,732,115 or 2.9%). CSV higher"
"IA",1112,"Q Casino","Dubuque","casino",46244072,5503579,51747651,"IRGC","IRGC CY2022 Annual Report (irgc.iowa.gov). FY2022 PDF: ia_fy2022_annual_report.pdf p.2","CROSS_CHECKED","CSV=$51,747,651 vs FY2022=$52,248,463 (diff=$500,812 or 1.0%)"
"IA",1155,"Rhythm City Casino Resort","Davenport","casino",107356123,10221035,117577158,"IRGC","IRGC CY2022 Annual Report (irgc.iowa.gov). FY2022 PDF: ia_fy2022_annual_report.pdf p.2","CROSS_CHECKED","CSV=$117,577,158 vs FY2022=$118,367,718 (diff=$790,560 or 0.7%)"
"IA",1170,"Riverside Casino and Golf Resort","Riverside","casino",117063838,12849581,129913419,"IRGC","IRGC CY2022 Annual Report (irgc.iowa.gov). FY2022 PDF: ia_fy2022_annual_report.pdf p.2","CROSS_CHECKED","CSV=$129,913,419 vs FY2022=$128,408,256 (diff=$1,505,163 or 1.2%). CSV higher"
"IA",1434,"Wild Rose Casino Clinton","Clinton","casino",31222932,2007979,33230911,"IRGC","IRGC CY2022 Annual Report (irgc.iowa.gov). FY2022 PDF: ia_fy2022_annual_report.pdf p.2","CROSS_CHECKED","CSV=$33,230,911 vs FY2022=$33,617,256 (diff=$386,345 or 1.2%)"
"IA",1435,"Wild Rose Casino Emmetsburg","Emmetsburg","casino",29231041,1649355,30880396,"IRGC","IRGC CY2022 Annual Report (irgc.iowa.gov). FY2022 PDF: ia_fy2022_annual_report.pdf p.2","CROSS_CHECKED","CSV=$30,880,396 vs FY2022=$30,715,147 (diff=$165,249 or 0.5%). CSV higher"
"IA",1433,"Wild Rose Casino Jefferson","Jefferson","casino",34192802,1675571,35868373,"IRGC","IRGC CY2022 Annual Report (irgc.iowa.gov). FY2022 PDF: ia_fy2022_annual_report.pdf p.2","CROSS_CHECKED","CSV=$35,868,373 vs FY2022=$36,424,020 (diff=$555,647 or 1.5%)"
"IA",239,"Casino Queen Marquette","Marquette","casino",21006164,373825,21379989,"IRGC","IRGC CY2022 Annual Report (irgc.iowa.gov). FY2022 PDF: ia_fy2022_annual_report.pdf p.1","CROSS_CHECKED","CSV=$21,379,989 vs FY2022=$21,172,627 (diff=$207,362 or 1.0%). CSV higher"
